id,first_name,last_name,birthday,gender,added_at
1,Stella,Semonin,10/22/2013,Female,20/05/2020
2,Joela,Pender,1/24/2014,Female,20/05/2020
3,Larisa,Christall,10/04/2013,Female,20/05/2020
4,Estella,Albertson,4/27/2014,Female,20/05/2020
5,Geri,Stainson,02/05/2014,Male,20/05/2020
6,Bentlee,Folan,1/15/2013,Male,20/05/2020
7,Glennie,O' Reagan,8/23/2014,Female,20/05/2020
8,Georgiana,Walaron,10/18/2014,Female,20/05/2020
9,Othella,Renne,06/03/2013,Female,20/05/2020
10,Granny,Spier,7/15/2014,Male,20/05/2020
11,Wilmar,D'Andrea,3/31/2014,Male,20/05/2020
12,Riannon,Gilli,6/23/2014,Female,20/05/2020
13,Shir,Erskine,10/07/2014,Female,20/05/2020
14,Sherlocke,Tonepohl,1/29/2013,Male,20/05/2020
15,Portie,Rushforth,10/20/2013,Male,20/05/2020
16,Corliss,Heeron,08/12/2014,Female,20/05/2020
17,Orran,Elletson,8/30/2014,Male,20/05/2020
18,Matty,Paddick,11/09/2014,Female,20/05/2020
19,Ari,Disbury,03/06/2014,Male,20/05/2020
20,Sela,Bosher,8/24/2013,Female,20/05/2020
21,Penrod,Crottagh,11/18/2013,Male,20/05/2020
22,Will,Manneville,02/07/2014,Male,20/05/2020
23,Caz,Marsay,08/07/2013,Male,20/05/2020
24,Tess,Fourmy,11/28/2013,Female,20/05/2020
25,Eal,Seston,09/09/2013,Male,20/05/2020
26,Nariko,Wallsworth,11/14/2013,Female,20/05/2020
27,Reinald,Walter,8/26/2014,Male,20/05/2020
28,Jeramie,Hradsky,04/02/2013,Male,20/05/2020
29,Serene,Joncic,12/18/2013,Female,20/05/2020
30,Marion,Christie,01/03/2014,Male,20/05/2020
31,Baryram,McRuvie,2/19/2014,Male,20/05/2020
32,Robbi,Jurkowski,3/16/2013,Female,20/05/2020
33,Faber,Stannering,2/18/2014,Male,20/05/2020
34,Tabby,Bertenshaw,08/08/2014,Male,20/05/2020
35,Aili,Hedworth,4/18/2014,Female,20/05/2020
36,Frazier,Duffitt,7/30/2014,Male,20/05/2020
37,Eleni,Kock,8/16/2013,Female,20/05/2020
38,Moll,McCawley,08/11/2013,Female,20/05/2020
39,Moritz,Abrahim,02/07/2014,Male,20/05/2020
40,Conrado,Rentcome,10/02/2013,Male,20/05/2020
41,Rey,Fife,3/31/2013,Female,20/05/2020
42,Carmon,Danforth,2/13/2014,Female,20/05/2020
43,Valera,Filippi,4/25/2013,Female,20/05/2020
44,Tootsie,Lesor,4/15/2013,Female,20/05/2020
45,Venita,Lewis,1/31/2014,Female,20/05/2020
46,Broddie,Piscopo,11/28/2013,Male,20/05/2020
47,Weber,Diver,10/28/2013,Male,20/05/2020
48,Sibbie,Luke,02/08/2013,Female,20/05/2020
49,Sally,Firebrace,11/13/2014,Female,20/05/2020
50,Lazar,Patrono,8/27/2014,Male,20/05/2020
51,Nathan,Flowerdew,9/20/2013,Male,20/05/2020
52,Pier,Quipp,08/07/2013,Female,20/05/2020
53,Obidiah,Cockerham,4/22/2013,Male,20/05/2020
54,Allister,Halloway,2/17/2013,Male,20/05/2020
55,Wolf,Abbotson,5/25/2014,Male,20/05/2020
56,Hubey,Sexty,03/02/2013,Male,20/05/2020
57,Stewart,Lacroux,06/09/2014,Male,20/05/2020
58,Cecelia,De Benedetti,9/28/2014,Female,20/05/2020
59,Laurene,Greenhow,8/14/2013,Female,20/05/2020
60,Dino,Wyllis,08/10/2013,Male,20/05/2020
61,Ashleigh,Slimmon,10/25/2013,Female,20/05/2020
62,Mandy,Manilow,8/21/2013,Female,20/05/2020
63,Tami,Stouther,07/07/2013,Female,20/05/2020
64,Teriann,Bowerbank,10/30/2013,Female,20/05/2020
65,Carry,Klugman,08/12/2013,Female,20/05/2020
66,Mollie,Screas,7/24/2014,Female,20/05/2020
67,Yance,Beranek,4/20/2014,Male,20/05/2020
68,Liva,Wrey,1/30/2013,Female,20/05/2020
69,Sawyer,Bazeley,3/14/2014,Male,20/05/2020
70,Clair,Pomphrett,11/13/2014,Female,20/05/2020
71,Ginnifer,Redparth,5/24/2013,Female,20/05/2020
72,Meridel,Rosenblad,5/13/2013,Female,20/05/2020
73,Sherwynd,Gentreau,2/21/2014,Male,20/05/2020
74,Berta,Fibben,01/07/2013,Female,20/05/2020
75,Reggy,Shields,11/11/2014,Male,20/05/2020
76,Pepita,Vila,2/25/2013,Female,20/05/2020
77,Berenice,Longstaff,3/26/2014,Female,20/05/2020
78,Fons,Harms,3/17/2014,Male,20/05/2020
79,Neill,Sherbrook,10/31/2014,Male,20/05/2020
80,Cacilia,Casolla,07/09/2014,Female,20/05/2020
81,Nan,Mattek,6/22/2013,Female,20/05/2020
82,Warde,Posner,5/23/2014,Male,20/05/2020
83,Xymenes,Rudeforth,6/13/2013,Male,20/05/2020
84,Tamas,Tucknott,02/05/2013,Male,20/05/2020
85,Jenelle,Sawnwy,07/04/2014,Female,20/05/2020
86,Brewster,Amiss,12/21/2013,Male,20/05/2020
87,Merell,Rippingall,08/09/2013,Male,20/05/2020
88,Brendon,Adaway,8/31/2013,Male,20/05/2020
89,Chucho,Westwell,9/27/2013,Male,20/05/2020
90,Maury,Keywood,11/17/2014,Male,20/05/2020
91,Rhetta,Pusey,2/14/2013,Female,20/05/2020
92,Nowell,Mebs,1/15/2013,Male,20/05/2020
93,Perry,Redd,12/28/2013,Female,20/05/2020
94,Curry,Jewiss,3/23/2013,Male,20/05/2020
95,Hedvig,Gammett,8/22/2013,Female,20/05/2020
96,Maye,Hincks,2/28/2014,Female,20/05/2020
97,Lucilia,Ninotti,5/24/2013,Female,20/05/2020
98,Kennie,Pinkett,11/13/2013,Male,20/05/2020
99,Elonore,Fawbert,09/05/2014,Female,20/05/2020
100,Doretta,Moatt,10/19/2013,Female,20/05/2020
101,Rori,Sirey,5/21/2013,Female,20/05/2020
102,Saidee,Adamiec,8/28/2014,Female,20/05/2020
103,Bernardina,Gladdifh,01/12/2013,Female,20/05/2020
104,Henry,Faulkner,6/22/2014,Male,20/05/2020
105,Janice,Pardey,5/25/2013,Female,20/05/2020
106,Norbert,Nestor,12/03/2014,Male,20/05/2020
107,Ezechiel,Abazi,06/09/2014,Male,20/05/2020
108,Kermit,Durno,08/07/2014,Male,20/05/2020
109,Mathilda,Messum,6/25/2013,Female,20/05/2020
110,Gerda,Buttrick,9/23/2013,Female,20/05/2020
111,Sacha,Lett,4/18/2013,Female,20/05/2020
112,Dominica,Betz,05/08/2014,Female,20/05/2020
113,Nickolai,Newlands,3/29/2013,Male,20/05/2020
114,Parry,Grenville,07/08/2013,Male,20/05/2020
115,Minnaminnie,Randerson,04/12/2014,Female,20/05/2020
116,Kathie,Baudy,04/10/2014,Female,20/05/2020
117,Gunner,Spear,12/18/2014,Male,20/05/2020
118,Thaine,Tomkies,04/02/2014,Male,20/05/2020
119,Evangelina,McClelland,02/12/2013,Female,20/05/2020
120,Nerte,Forward,01/07/2013,Female,20/05/2020
121,Cordie,Cockling,2/26/2014,Female,20/05/2020
122,Hildy,Kellog,12/07/2013,Female,20/05/2020
123,Issie,Newitt,01/05/2013,Female,20/05/2020
124,Delcina,Timblett,4/25/2014,Female,20/05/2020
125,Ardra,Catlow,6/22/2013,Female,20/05/2020
126,Levon,Philipp,3/19/2014,Male,20/05/2020
127,Tedmund,Blonfield,07/11/2014,Male,20/05/2020
128,Wade,Plaunch,10/08/2014,Male,20/05/2020
129,Martyn,Brumpton,12/11/2014,Male,20/05/2020
130,Hoyt,Ygoe,12/10/2013,Male,20/05/2020
131,Roxine,Grey,11/27/2014,Female,20/05/2020
132,Padraig,Middlebrook,7/23/2014,Male,20/05/2020
133,Micheal,Mogra,7/19/2014,Male,20/05/2020
134,Margarete,Hanfrey,06/02/2014,Female,20/05/2020
135,Floyd,Critch,2/22/2013,Male,20/05/2020
136,Patrizius,Sharman,8/24/2014,Male,20/05/2020
137,Meriel,Gepheart,5/19/2013,Female,20/05/2020
138,Nancee,Auden,03/10/2013,Female,20/05/2020
139,Perri,Wandless,12/03/2013,Female,20/05/2020
140,Brodie,Brandrick,11/11/2013,Male,20/05/2020
141,Roseanne,Willingham,2/18/2014,Female,20/05/2020
142,Bendix,Sevier,3/20/2014,Male,20/05/2020
143,Pincus,Cornelissen,03/05/2014,Male,20/05/2020
144,Correy,Maylin,10/21/2014,Male,20/05/2020
145,Essy,Leggon,12/20/2013,Female,20/05/2020
146,Eveline,Getty,4/16/2013,Female,20/05/2020
147,Shirley,Poppleston,11/10/2014,Female,20/05/2020
148,Hana,Sifflett,2/23/2014,Female,20/05/2020
149,Spenser,Castelletti,10/23/2014,Male,20/05/2020
150,Travers,Thiese,7/26/2014,Male,20/05/2020
151,Felicio,Mungan,06/02/2013,Male,20/05/2020
152,Cleopatra,Tydeman,02/10/2013,Female,20/05/2020
153,Didi,Jiggens,1/16/2013,Female,20/05/2020
154,Cad,Dangerfield,7/13/2014,Male,20/05/2020
155,Goddart,Olford,10/27/2014,Male,20/05/2020
156,Thorny,Sanper,3/29/2013,Male,20/05/2020
157,Chrysa,Paolazzi,10/14/2013,Female,20/05/2020
158,Troy,Farnhill,06/05/2014,Male,20/05/2020
159,Marta,Hardman,4/15/2014,Female,20/05/2020
160,Isidore,McGuinley,3/21/2014,Male,20/05/2020
161,Jeannine,Boone,05/04/2013,Female,20/05/2020
162,Doy,Dybell,5/24/2013,Male,20/05/2020
163,Tom,Charopen,11/13/2014,Male,20/05/2020
164,Antoine,Alfonsetti,09/04/2014,Male,20/05/2020
165,Raymond,Ateridge,4/26/2013,Male,20/05/2020
166,Mignonne,Stoodley,11/08/2013,Female,20/05/2020
167,Albina,Creasy,11/27/2013,Female,20/05/2020
168,Carree,Paulsson,12/01/2014,Female,20/05/2020
169,Hilary,Auld,01/11/2013,Male,20/05/2020
170,Valeda,Farington,02/03/2013,Female,20/05/2020
171,Bram,Gregg,8/19/2014,Male,20/05/2020
172,Caron,Cobden,4/15/2013,Female,20/05/2020
173,Ricardo,Haggleton,05/04/2014,Male,20/05/2020
174,Penny,Michelet,8/14/2013,Male,20/05/2020
175,Jackquelin,Gabitis,7/17/2014,Female,20/05/2020
176,Priscilla,Fleury,8/22/2013,Female,20/05/2020
177,Patrice,De Marchi,11/22/2013,Female,20/05/2020
178,Jean,Buttrey,12/28/2014,Female,20/05/2020
179,Perkin,Bowater,06/02/2013,Male,20/05/2020
180,Damara,Labbett,01/04/2014,Female,20/05/2020
181,Joel,Organer,11/22/2013,Male,20/05/2020
182,Marj,Algar,07/11/2014,Female,20/05/2020
183,Clementina,Fettiplace,08/01/2014,Female,20/05/2020
184,Elora,Phonix,5/27/2014,Female,20/05/2020
185,Ashlie,Siene,11/24/2014,Female,20/05/2020
186,Maribel,Berzen,4/27/2014,Female,20/05/2020
187,Melli,Speariett,7/24/2014,Female,20/05/2020
188,Ferdy,Cottem,3/25/2014,Male,20/05/2020
189,Marnie,Fulger,5/13/2013,Female,20/05/2020
190,Rosemarie,Mays,1/30/2013,Female,20/05/2020
191,Gilberte,Blatchford,7/19/2013,Female,20/05/2020
192,Kania,Rosenfarb,6/22/2014,Female,20/05/2020
193,Amandie,Ainley,7/14/2014,Female,20/05/2020
194,Ebonee,Piechnik,06/07/2013,Female,20/05/2020
195,Pepito,Crust,04/10/2014,Male,20/05/2020
196,Jorge,Greet,12/13/2013,Male,20/05/2020
197,Willard,Jefford,3/30/2014,Male,20/05/2020
198,Barnabe,Dunrige,10/15/2013,Male,20/05/2020
199,Kaylil,Ibbeson,6/18/2014,Female,20/05/2020
200,Anjanette,Beves,5/21/2013,Female,20/05/2020
201,Ellissa,Gerrett,7/26/2013,Female,20/05/2020
202,Jillie,Jolly,07/03/2014,Female,20/05/2020
203,Bo,Spread,1/17/2014,Male,20/05/2020
204,Barnett,Dominichetti,9/13/2013,Male,20/05/2020
205,Chaim,Jermy,11/23/2014,Male,20/05/2020
206,Juanita,O'Skehan,5/14/2014,Female,20/05/2020
207,Iago,Seeler,10/14/2014,Male,20/05/2020
208,Glynda,Riddington,07/02/2014,Female,20/05/2020
209,Francklin,Frankiewicz,03/08/2014,Male,20/05/2020
210,Martin,Carcas,6/23/2013,Male,20/05/2020
211,Jennee,Dunderdale,5/23/2014,Female,20/05/2020
212,Cory,Siveter,12/20/2014,Male,20/05/2020
213,Leeann,Ingerman,5/20/2014,Female,20/05/2020
214,Vinni,Chudleigh,07/12/2013,Female,20/05/2020
215,Mirabel,Rubke,05/01/2014,Female,20/05/2020
216,Rhonda,Aubery,02/01/2014,Female,20/05/2020
217,Ethe,Hamnett,06/03/2013,Male,20/05/2020
218,Maximilian,Galbraith,07/07/2013,Male,20/05/2020
219,Jamaal,Goncaves,3/20/2013,Male,20/05/2020
220,Nial,Carbonell,12/08/2013,Male,20/05/2020
221,Wendall,Brideau,8/15/2014,Male,20/05/2020
222,Lynnelle,Syrett,1/30/2014,Female,20/05/2020
223,Elwira,Pyne,09/07/2014,Female,20/05/2020
224,Clifford,Ricioppo,10/17/2014,Male,20/05/2020
225,Bobbi,Corderoy,2/22/2013,Female,20/05/2020
226,Lemuel,Gilbane,05/12/2014,Male,20/05/2020
227,Almira,Condon,05/03/2013,Female,20/05/2020
228,Valene,Mulkerrins,7/18/2014,Female,20/05/2020
229,Mildred,Challenor,4/19/2013,Female,20/05/2020
230,Ray,Rawlyns,06/11/2014,Female,20/05/2020
231,Anabella,Skuse,5/28/2013,Female,20/05/2020
232,Melita,Lanktree,1/27/2014,Female,20/05/2020
233,Haydon,Nicholl,11/07/2014,Male,20/05/2020
234,Ced,Edler,10/03/2013,Male,20/05/2020
235,Whitney,Hantusch,11/12/2014,Female,20/05/2020
236,Michale,Esler,8/14/2013,Male,20/05/2020
237,Kippie,Longshaw,1/23/2014,Male,20/05/2020
238,Nathanil,Fenny,4/22/2014,Male,20/05/2020
239,Warner,Page,6/13/2013,Male,20/05/2020
240,Daniele,Calcut,10/12/2014,Female,20/05/2020
241,Hugues,Stephen,07/12/2013,Male,20/05/2020
242,Vickie,Cholomin,12/23/2013,Female,20/05/2020
243,Pieter,Paget,6/14/2014,Male,20/05/2020
244,Meyer,Pirolini,02/10/2014,Male,20/05/2020
245,Lindsy,Arends,10/25/2014,Female,20/05/2020
246,Shae,Rawsthorne,8/16/2014,Male,20/05/2020
247,Raddie,Pawling,1/20/2013,Male,20/05/2020
248,Caldwell,Tabbernor,02/03/2013,Male,20/05/2020
249,Robinetta,Cawthera,05/01/2013,Female,20/05/2020
250,Lib,Pakes,2/17/2014,Female,20/05/2020
251,Vincenz,Gabbat,8/24/2014,Male,20/05/2020
252,Tonye,Oswald,07/10/2013,Female,20/05/2020
253,Wendeline,McGettigan,05/02/2013,Female,20/05/2020
254,Hildegarde,Blay,3/27/2013,Female,20/05/2020
255,Mackenzie,Novotni,2/14/2013,Male,20/05/2020
256,Payton,Moulin,12/20/2013,Male,20/05/2020
257,Clementia,Hambelton,10/30/2013,Female,20/05/2020
258,Libby,Linke,6/23/2014,Female,20/05/2020
259,Crichton,Sowte,02/01/2014,Male,20/05/2020
260,Margette,Swetman,1/28/2013,Female,20/05/2020
261,Jonah,Caghy,11/25/2013,Male,20/05/2020
262,Jordan,Rollings,4/29/2014,Male,20/05/2020
263,Deck,Enders,04/07/2014,Male,20/05/2020
264,Winifield,Pawelczyk,03/07/2014,Male,20/05/2020
265,Dollie,Measor,6/20/2014,Female,20/05/2020
266,Demetrius,Ghidotti,07/07/2014,Male,20/05/2020
267,Edwin,Middle,02/12/2014,Male,20/05/2020
268,Clarence,Rebeiro,10/04/2013,Male,20/05/2020
269,Maureene,Rippin,06/12/2014,Female,20/05/2020
270,Orbadiah,De Wolfe,10/03/2014,Male,20/05/2020
271,Gianna,Ibbett,04/10/2014,Female,20/05/2020
272,Clementina,Smye,12/10/2014,Female,20/05/2020
273,Vanya,Schwieso,10/04/2013,Female,20/05/2020
274,Suzanne,Durtnell,05/08/2014,Female,20/05/2020
275,Leonard,Lohoar,4/13/2014,Male,20/05/2020
276,Vinni,Yegoshin,8/18/2013,Female,20/05/2020
277,Petey,Shortan,8/24/2013,Male,20/05/2020
278,Guido,Cranney,5/26/2013,Male,20/05/2020
279,Andreas,Liepina,10/21/2014,Male,20/05/2020
280,Freeman,Casemore,9/21/2014,Male,20/05/2020
281,Mildrid,Fero,12/02/2013,Female,20/05/2020
282,Merralee,Daughton,1/28/2014,Female,20/05/2020
283,Beaufort,Seleway,06/07/2013,Male,20/05/2020
284,Emile,Callaghan,11/29/2014,Male,20/05/2020
285,Dew,Andriesse,01/06/2014,Male,20/05/2020
286,Barn,Titchener,4/18/2013,Male,20/05/2020
287,Van,Cowl,05/05/2014,Male,20/05/2020
288,William,Fitzsymons,4/29/2013,Male,20/05/2020
289,Cassey,Malitrott,05/04/2014,Female,20/05/2020
290,Geno,Dyer,09/07/2013,Male,20/05/2020
291,Brant,Storie,10/15/2014,Male,20/05/2020
292,Gwendolyn,Gyngyll,5/25/2013,Female,20/05/2020
293,Jessica,Jedrachowicz,2/21/2014,Female,20/05/2020
294,Leonanie,Fley,10/06/2014,Female,20/05/2020
295,Estrellita,Darwin,1/30/2013,Female,20/05/2020
296,Erin,Dolden,12/18/2013,Female,20/05/2020
297,Serene,Baggott,7/18/2014,Female,20/05/2020
298,Emlen,Bruffell,3/17/2013,Male,20/05/2020
299,Daven,Reding,10/16/2014,Male,20/05/2020
300,Fee,Bleue,4/21/2013,Male,20/05/2020
301,Tab,Eason,1/22/2013,Male,20/05/2020
302,Curtice,Lincoln,12/22/2013,Male,20/05/2020
303,Kelbee,Burgott,08/12/2014,Male,20/05/2020
304,Ricard,O'Fearguise,12/16/2014,Male,20/05/2020
305,Cassandre,Bordes,02/08/2013,Female,20/05/2020
306,Andrei,Tommis,2/14/2014,Female,20/05/2020
307,Hill,Noe,4/24/2013,Male,20/05/2020
308,Lavena,Staker,08/02/2014,Female,20/05/2020
309,Alberik,Casin,02/05/2014,Male,20/05/2020
310,Letty,Dettmar,10/04/2013,Female,20/05/2020
311,Correna,Whitlock,03/05/2014,Female,20/05/2020
312,Bernete,Dyke,3/20/2013,Female,20/05/2020
313,Kathlin,Torvey,12/17/2013,Female,20/05/2020
314,Jack,McColm,7/26/2014,Male,20/05/2020
315,Kyla,Oxenford,5/28/2014,Female,20/05/2020
316,Brandtr,Hein,2/18/2014,Male,20/05/2020
317,Melli,McConnel,02/01/2013,Female,20/05/2020
318,Onida,Colisbe,4/27/2013,Female,20/05/2020
319,Elsey,Lope,07/07/2014,Female,20/05/2020
320,Fonz,Domican,12/27/2013,Male,20/05/2020
321,Ario,Storrier,4/21/2013,Male,20/05/2020
322,Nev,Archdeacon,2/21/2013,Male,20/05/2020
323,Estell,Ninnis,1/23/2014,Female,20/05/2020
324,Cyril,Barock,1/25/2013,Male,20/05/2020
325,Olivie,Driscoll,9/24/2013,Female,20/05/2020
326,Sinclare,Liver,4/24/2014,Male,20/05/2020
327,Coraline,Hancke,1/17/2014,Female,20/05/2020
328,Ferd,Betancourt,07/12/2014,Male,20/05/2020
329,Zedekiah,Olenov,1/21/2014,Male,20/05/2020
330,Quentin,Mcettrick,4/21/2014,Male,20/05/2020
331,Boone,Colleton,4/15/2014,Male,20/05/2020
332,Fanny,Hymas,04/10/2013,Female,20/05/2020
333,Saul,Gilphillan,12/19/2014,Male,20/05/2020
334,Janet,Chudleigh,5/22/2014,Female,20/05/2020
335,Jorry,Crusham,6/13/2014,Female,20/05/2020
336,Carrol,Ungerecht,11/17/2013,Male,20/05/2020
337,Dniren,Penticoot,01/09/2013,Female,20/05/2020
338,Phillip,Maddock,6/27/2013,Male,20/05/2020
339,Merell,Wescott,12/07/2013,Male,20/05/2020
340,Daile,O'Clery,03/02/2013,Female,20/05/2020
341,Concordia,Wetherburn,12/18/2014,Female,20/05/2020
342,Ken,Linster,4/30/2013,Male,20/05/2020
343,Feliks,Spataro,7/30/2013,Male,20/05/2020
344,Huberto,MacElholm,8/21/2013,Male,20/05/2020
345,Jessee,Daborn,3/25/2013,Male,20/05/2020
346,Tim,Baber,01/03/2013,Male,20/05/2020
347,Kellsie,Veronique,04/09/2013,Female,20/05/2020
348,Ulrick,Kinsman,5/17/2014,Male,20/05/2020
349,Cassondra,Ashborn,08/03/2014,Female,20/05/2020
350,Gratia,Jarrell,06/06/2014,Female,20/05/2020
351,Aubree,Baruch,11/12/2013,Female,20/05/2020
352,Dawna,Tidbold,6/13/2014,Female,20/05/2020
353,Marilin,Found,08/07/2013,Female,20/05/2020
354,Horatia,Gronw,04/09/2013,Female,20/05/2020
355,Jannelle,Trengrouse,07/05/2014,Female,20/05/2020
356,Anni,Sutcliffe,04/12/2013,Female,20/05/2020
357,Ricard,Malyj,3/21/2013,Male,20/05/2020
358,Emelia,Dyett,10/21/2013,Female,20/05/2020
359,Mauricio,Cosstick,12/07/2013,Male,20/05/2020
360,Yvon,Phaup,4/17/2013,Male,20/05/2020
361,Pat,Bloodworth,07/03/2013,Male,20/05/2020
362,Licha,Brenard,9/15/2013,Female,20/05/2020
363,Tracie,Stait,5/21/2013,Male,20/05/2020
364,Albert,Jandl,1/24/2013,Male,20/05/2020
365,Antons,Ruppeli,11/19/2014,Male,20/05/2020
366,Gareth,Braniff,1/23/2014,Male,20/05/2020
367,Evangeline,Ginni,04/08/2013,Female,20/05/2020
368,Ailyn,Marchi,07/01/2014,Female,20/05/2020
369,Jada,Haggerstone,3/22/2013,Female,20/05/2020
370,Dacey,Gethins,02/05/2014,Female,20/05/2020
371,Rania,Goodboddy,12/27/2013,Female,20/05/2020
372,Patty,Missenden,7/17/2013,Male,20/05/2020
373,Arvie,Monks,11/23/2013,Male,20/05/2020
374,Doris,Conkling,6/30/2013,Female,20/05/2020
375,Garrik,Keyson,3/22/2014,Male,20/05/2020
376,Garret,Padmore,07/05/2013,Male,20/05/2020
377,Hedy,Winslow,8/15/2013,Female,20/05/2020
378,Eilis,Walter,7/22/2014,Female,20/05/2020
379,Rubia,Charlwood,12/22/2013,Female,20/05/2020
380,Kelsy,Brice,01/10/2013,Female,20/05/2020
381,Misty,Smithers,01/12/2013,Female,20/05/2020
382,Corbin,Forlong,06/07/2013,Male,20/05/2020
383,Riley,Thrussell,05/11/2014,Male,20/05/2020
384,Sholom,Odney,9/29/2014,Male,20/05/2020
385,Frederick,Daye,03/03/2013,Male,20/05/2020
386,Pollyanna,Parton,5/19/2013,Female,20/05/2020
387,Hercule,Neathway,4/24/2014,Male,20/05/2020
388,Markos,Mullane,10/03/2014,Male,20/05/2020
389,Dari,Henrie,09/08/2013,Female,20/05/2020
390,Beverlee,Segeswoeth,6/17/2013,Female,20/05/2020
391,Jordana,Senecaut,6/29/2013,Female,20/05/2020
392,Rutter,Lethbury,6/15/2014,Male,20/05/2020
393,Curran,Ciciari,7/27/2014,Male,20/05/2020
394,Madelene,Exelby,10/22/2013,Female,20/05/2020
395,Katy,Wythill,7/25/2013,Female,20/05/2020
396,Rodger,Leyshon,04/08/2013,Male,20/05/2020
397,Conrado,Penman,11/09/2014,Male,20/05/2020
398,Barret,MacGragh,11/19/2014,Male,20/05/2020
399,Eden,Gofforth,12/25/2014,Female,20/05/2020
400,Mikael,Gosby,08/05/2014,Male,20/05/2020
401,Levey,Fitzer,8/18/2013,Male,20/05/2020
402,Perri,Tomadoni,6/25/2014,Female,20/05/2020
403,Jeffry,Goodreid,05/06/2013,Male,20/05/2020
404,Leigha,Drillingcourt,01/02/2013,Female,20/05/2020
405,Brigit,Maylor,1/15/2014,Female,20/05/2020
406,Derril,Pennazzi,10/05/2013,Male,20/05/2020
407,Bjorn,Dine-Hart,06/10/2014,Male,20/05/2020
408,Caressa,Beavan,11/28/2013,Female,20/05/2020
409,Sutherlan,Hilling,1/21/2013,Male,20/05/2020
410,Hurlee,Farmar,07/05/2014,Male,20/05/2020
411,Allissa,Veltmann,03/05/2013,Female,20/05/2020
412,Anet,Fleisch,12/07/2014,Female,20/05/2020
413,Zara,Soigoux,1/20/2014,Female,20/05/2020
414,Solomon,Lothlorien,5/22/2014,Male,20/05/2020
415,Carlynne,Fidilis,05/05/2014,Female,20/05/2020
416,Zsazsa,Wreight,5/18/2014,Female,20/05/2020
417,Angelika,Osband,12/24/2014,Female,20/05/2020
418,Burgess,Sayre,02/08/2014,Male,20/05/2020
419,Ariel,Tomasicchio,3/13/2013,Female,20/05/2020
420,Beatriz,Duerdin,2/18/2013,Female,20/05/2020
421,Jeff,Stanyland,4/23/2014,Male,20/05/2020
422,Betta,Woodford,12/24/2014,Female,20/05/2020
423,Brocky,Puddle,12/28/2014,Male,20/05/2020
424,Tades,Peat,01/07/2014,Male,20/05/2020
425,Corliss,Ace,04/03/2014,Female,20/05/2020
426,Dore,Dumphrey,05/07/2014,Male,20/05/2020
427,Hobey,Aldham,12/16/2013,Male,20/05/2020
428,Hubie,Betje,6/20/2013,Male,20/05/2020
429,Patty,Krystof,10/22/2013,Male,20/05/2020
430,Dulci,Ovitts,09/10/2014,Female,20/05/2020
431,Leyla,Rosensaft,08/02/2013,Female,20/05/2020
432,Ody,Hengoed,10/31/2014,Male,20/05/2020
433,Thatcher,Stopper,7/15/2013,Male,20/05/2020
434,Reiko,Bremeyer,10/29/2014,Female,20/05/2020
435,Harwell,Cowperthwaite,4/28/2014,Male,20/05/2020
436,Ron,Petruk,7/21/2013,Male,20/05/2020
437,Sunny,Sapsford,3/25/2014,Male,20/05/2020
438,Kimberli,Swynfen,01/01/2013,Female,20/05/2020
439,Reba,Niccolls,8/25/2014,Female,20/05/2020
440,Inesita,Tingley,9/30/2014,Female,20/05/2020
441,Chrysler,Ducarne,03/04/2014,Female,20/05/2020
442,Orland,Prott,12/29/2013,Male,20/05/2020
443,Ester,Stoney,5/15/2014,Female,20/05/2020
444,Sigismund,Rochford,06/10/2013,Male,20/05/2020
445,Elwyn,Motto,9/29/2013,Male,20/05/2020
446,Ursulina,Garlett,12/22/2014,Female,20/05/2020
447,Carlita,Sainthill,12/13/2014,Female,20/05/2020
448,Charmine,Gierck,5/17/2014,Female,20/05/2020
449,Tilda,Bordone,09/03/2013,Female,20/05/2020
450,Othelia,Towersey,2/14/2014,Female,20/05/2020
451,Skipper,Driffill,09/05/2014,Male,20/05/2020
452,Lars,Ashard,04/12/2014,Male,20/05/2020
453,Annaliese,Fyldes,1/27/2013,Female,20/05/2020
454,Eryn,Winteringham,11/30/2014,Female,20/05/2020
455,Eloisa,Capenor,8/14/2013,Female,20/05/2020
456,Corina,Scougal,6/15/2014,Female,20/05/2020
457,Westley,Moyne,2/27/2013,Male,20/05/2020
458,Addi,Lechmere,10/30/2013,Female,20/05/2020
459,Regan,Huertas,11/27/2014,Female,20/05/2020
460,Pip,Beaty,4/29/2014,Male,20/05/2020
461,Winnie,Watters,12/09/2013,Female,20/05/2020
462,Kalvin,Elphee,9/30/2014,Male,20/05/2020
463,Dionis,Hessenthaler,12/22/2013,Female,20/05/2020
464,Hebert,Mitchelson,12/07/2013,Male,20/05/2020
465,Marilyn,Gettings,11/19/2013,Female,20/05/2020
466,Richie,Amburgy,12/08/2013,Male,20/05/2020
467,Jamesy,Bromidge,11/18/2014,Male,20/05/2020
468,Johnnie,Claxson,6/30/2014,Male,20/05/2020
469,Gerrard,Gieves,02/03/2014,Male,20/05/2020
470,Konstance,Toffts,3/26/2014,Female,20/05/2020
471,Hank,Dusting,2/27/2014,Male,20/05/2020
472,Minni,Cescoti,05/02/2013,Female,20/05/2020
473,Olenolin,Hudless,8/19/2014,Male,20/05/2020
474,Jessika,Cranmere,1/15/2013,Female,20/05/2020
475,Calli,Knyvett,2/16/2013,Female,20/05/2020
476,Selie,Yakutin,02/10/2013,Female,20/05/2020
477,Lewiss,Sprowson,03/09/2014,Male,20/05/2020
478,Dar,Gheorghie,04/03/2014,Male,20/05/2020
479,Herrick,Stronack,1/24/2014,Male,20/05/2020
480,Yancey,Sellwood,8/14/2014,Male,20/05/2020
481,Antonius,Pughsley,10/05/2014,Male,20/05/2020
482,Prescott,Jeavons,12/04/2013,Male,20/05/2020
483,Nichole,Blackall,11/21/2013,Male,20/05/2020
484,Drusi,Lissemore,07/08/2014,Female,20/05/2020
485,Davey,Tuminini,8/15/2014,Male,20/05/2020
486,Vivyanne,Davis,05/12/2013,Female,20/05/2020
487,Lanie,Freeburn,8/25/2014,Male,20/05/2020
488,Brina,Indge,12/31/2013,Female,20/05/2020
489,Hilton,Purshouse,03/07/2014,Male,20/05/2020
490,Ignacius,Ahrend,9/16/2014,Male,20/05/2020
491,Rickie,Whisson,10/13/2013,Female,20/05/2020
492,Fiorenze,Foulds,1/24/2014,Female,20/05/2020
493,Auria,Jeannin,8/28/2014,Female,20/05/2020
494,Skippy,Lorans,6/14/2013,Male,20/05/2020
495,Wiley,Dimitrijevic,05/12/2013,Male,20/05/2020
496,Humfrey,Tomasoni,08/04/2013,Male,20/05/2020
497,Jewel,Kobpac,06/01/2013,Female,20/05/2020
498,Delmore,Verheyden,5/30/2013,Male,20/05/2020
499,Mandi,Hember,5/23/2013,Female,20/05/2020
500,Joli,Biasio,08/05/2014,Female,20/05/2020
501,Leena,Boreland,1/25/2014,Female,20/05/2020
502,Micheal,Meachan,6/20/2014,Male,20/05/2020
503,Elizabet,Buckler,1/27/2014,Female,20/05/2020
504,Nils,Klug,7/16/2013,Male,20/05/2020
505,Cosme,Guyers,10/07/2013,Male,20/05/2020
506,Innis,Brumwell,10/29/2014,Male,20/05/2020
507,Davy,Parke,8/24/2014,Male,20/05/2020
508,Christiano,Narracott,11/19/2013,Male,20/05/2020
509,Cordie,MacGaughie,11/24/2014,Male,20/05/2020
510,Damon,Hospital,04/08/2013,Male,20/05/2020
511,Salvador,Bresland,9/16/2014,Male,20/05/2020
512,Giustino,Kellough,12/18/2013,Male,20/05/2020
513,Barbaraanne,McCool,12/06/2014,Female,20/05/2020
514,Ike,Peidro,3/31/2014,Male,20/05/2020
515,Brett,Isaacson,07/08/2014,Female,20/05/2020
516,Deonne,Dietsche,1/22/2014,Female,20/05/2020
517,Jehanna,Gawne,4/23/2013,Female,20/05/2020
518,Brenden,Janczyk,08/02/2014,Male,20/05/2020
519,Konstanze,Sorbey,3/15/2014,Female,20/05/2020
520,Julianne,Chick,6/28/2014,Female,20/05/2020
521,Randene,Eacott,01/03/2014,Female,20/05/2020
522,Celka,Stimpson,7/14/2014,Female,20/05/2020
523,Kalila,Desmond,2/20/2014,Female,20/05/2020
524,Cacilie,Noyce,7/22/2013,Female,20/05/2020
525,Frazier,Elles,1/30/2014,Male,20/05/2020
526,Rubetta,Castella,11/14/2013,Female,20/05/2020
527,Parry,Liley,05/08/2013,Male,20/05/2020
528,Tersina,Regan,9/26/2013,Female,20/05/2020
529,Ravi,Lello,11/19/2013,Male,20/05/2020
530,Gaspar,Caze,11/11/2014,Male,20/05/2020
531,Gabi,Greatreax,10/20/2014,Female,20/05/2020
532,Shaylynn,Raphael,9/24/2014,Female,20/05/2020
533,Belita,Logue,10/30/2013,Female,20/05/2020
534,Tadio,Rizzotto,8/24/2014,Male,20/05/2020
535,Rene,Tourot,4/20/2013,Male,20/05/2020
536,Yasmin,Harget,01/09/2014,Female,20/05/2020
537,Saul,Roth,12/31/2013,Male,20/05/2020
538,Gasparo,Gye,05/12/2013,Male,20/05/2020
539,Mathew,Yoodall,06/06/2013,Male,20/05/2020
540,Jelene,Corney,03/08/2013,Female,20/05/2020
541,Kip,Pearl,12/27/2013,Female,20/05/2020
542,Donnajean,Ghiotto,02/09/2014,Female,20/05/2020
543,Ashly,Wickett,05/05/2014,Female,20/05/2020
544,Sacha,Cremin,03/11/2013,Female,20/05/2020
545,Mirabel,Storek,8/22/2013,Female,20/05/2020
546,Loria,Matuskiewicz,9/17/2013,Female,20/05/2020
547,Rancell,Stansall,09/09/2014,Male,20/05/2020
548,Zabrina,Doncaster,12/21/2013,Female,20/05/2020
549,Magda,Scrannage,8/13/2013,Female,20/05/2020
550,Mimi,Croster,3/21/2013,Female,20/05/2020
551,Wat,Halewood,05/10/2014,Male,20/05/2020
552,Wesley,Maginot,12/30/2013,Male,20/05/2020
553,Georgianna,Enright,10/17/2014,Female,20/05/2020
554,Willdon,Hugenin,07/04/2014,Male,20/05/2020
555,Irwinn,Itzcovichch,10/03/2014,Male,20/05/2020
556,Torrin,Hayzer,5/29/2014,Male,20/05/2020
557,Alexia,Rudeyeard,11/28/2013,Female,20/05/2020
558,Ingelbert,Laughlan,2/22/2013,Male,20/05/2020
559,Alexandro,Llewelly,07/05/2014,Male,20/05/2020
560,Melba,Passman,7/29/2013,Female,20/05/2020
561,Ebeneser,Blaxland,3/31/2014,Male,20/05/2020
562,Reidar,Brickhill,12/05/2013,Male,20/05/2020
563,Farand,Dobrovolny,5/20/2014,Female,20/05/2020
564,Durante,Dulwitch,3/17/2013,Male,20/05/2020
565,Chryste,Doudny,11/09/2013,Female,20/05/2020
566,Christan,Bramhill,3/26/2013,Female,20/05/2020
567,Avrit,Boldison,08/10/2014,Female,20/05/2020
568,Emerson,Pusill,04/06/2014,Male,20/05/2020
569,Nicol,Lismore,02/06/2013,Male,20/05/2020
570,Reynard,Alleyn,12/27/2013,Male,20/05/2020
571,Rheba,Tewkesberry,08/08/2014,Female,20/05/2020
572,Igor,Choules,04/07/2013,Male,20/05/2020
573,Amity,Bingham,04/02/2014,Female,20/05/2020
574,Katya,Dolden,08/08/2013,Female,20/05/2020
575,Pattie,Mannock,02/06/2014,Female,20/05/2020
576,Lawrence,Sandyfirth,9/21/2013,Male,20/05/2020
577,Jennette,Rossetti,07/09/2013,Female,20/05/2020
578,Nicholas,Gynne,12/19/2013,Male,20/05/2020
579,Tina,Hamm,04/10/2013,Female,20/05/2020
580,Gretta,Creavin,09/03/2014,Female,20/05/2020
581,Iorgo,Flucker,8/17/2013,Male,20/05/2020
582,Orelie,Dore,04/01/2014,Female,20/05/2020
583,Cate,Dudney,06/06/2013,Female,20/05/2020
584,Harland,Halksworth,11/13/2014,Male,20/05/2020
585,Zelda,Le Grys,8/31/2013,Female,20/05/2020
586,Donal,Kinson,9/13/2014,Male,20/05/2020
587,Ave,MacLure,2/18/2014,Male,20/05/2020
588,Etti,Garham,6/18/2014,Female,20/05/2020
589,Sissy,Daughtry,4/28/2014,Female,20/05/2020
590,Karilynn,Corre,11/23/2013,Female,20/05/2020
591,Stanton,Ungerer,3/14/2014,Male,20/05/2020
592,Odessa,MacKintosh,6/26/2013,Female,20/05/2020
593,Ashely,Rylands,2/17/2013,Female,20/05/2020
594,Phoebe,Welch,12/04/2014,Female,20/05/2020
595,Jody,Mertin,02/06/2014,Male,20/05/2020
596,Alphonso,Gaye,02/11/2013,Male,20/05/2020
597,Caddric,Lascell,06/06/2014,Male,20/05/2020
598,Chrotoem,Kornyakov,06/09/2014,Male,20/05/2020
599,Chadd,Curedell,06/09/2014,Male,20/05/2020
600,Colet,Chamberlayne,7/23/2014,Male,20/05/2020
601,Bab,Driscoll,2/15/2014,Female,20/05/2020
602,Clementine,Deeprose,10/10/2014,Female,20/05/2020
603,Davide,Mallord,7/20/2014,Male,20/05/2020
604,Phyllys,Sandercock,06/01/2013,Female,20/05/2020
605,Broderick,McDugal,07/01/2013,Male,20/05/2020
606,Reynard,Sauvain,9/29/2013,Male,20/05/2020
607,Hubie,Aylmer,12/05/2014,Male,20/05/2020
608,Nickolaus,Skull,11/06/2013,Male,20/05/2020
609,Arny,Dalziel,04/04/2013,Male,20/05/2020
610,Vito,Rocca,1/28/2013,Male,20/05/2020
611,Stafani,Santore,02/06/2014,Female,20/05/2020
612,Hobart,Paniman,2/24/2014,Male,20/05/2020
613,Marcia,Kennaway,10/20/2014,Female,20/05/2020
614,Raynell,Korda,08/03/2013,Female,20/05/2020
615,Billi,Pallis,3/14/2013,Female,20/05/2020
616,Oran,Fawthorpe,2/14/2014,Male,20/05/2020
617,Ceciley,Looby,12/14/2014,Female,20/05/2020
618,Casie,Craker,2/16/2014,Female,20/05/2020
619,Derby,Smorthwaite,2/21/2014,Male,20/05/2020
620,Cyrill,Benjamin,8/28/2013,Male,20/05/2020
621,Dore,Lumber,5/13/2013,Female,20/05/2020
622,Charleen,Coneron,1/25/2014,Female,20/05/2020
623,Armando,Sneath,9/15/2013,Male,20/05/2020
624,Tracee,Bollon,02/07/2013,Female,20/05/2020
625,Gracie,Szimon,04/05/2013,Female,20/05/2020
626,Lonnard,Lewisham,1/18/2014,Male,20/05/2020
627,Mead,Reiglar,8/20/2014,Female,20/05/2020
628,Joelly,Killock,04/10/2014,Female,20/05/2020
629,Amii,Pautot,11/24/2014,Female,20/05/2020
630,Edward,Daw,8/13/2013,Male,20/05/2020
631,Claiborne,Colten,6/27/2014,Male,20/05/2020
632,Kristos,Jent,12/09/2013,Male,20/05/2020
633,Jaimie,Szymczyk,3/13/2013,Female,20/05/2020
634,Melloney,Szymonwicz,01/02/2013,Female,20/05/2020
635,Caril,McGuckin,01/03/2014,Female,20/05/2020
636,Celia,Najera,7/20/2013,Female,20/05/2020
637,Silvie,Upcraft,8/23/2013,Female,20/05/2020
638,Terrijo,Dreschler,5/17/2013,Female,20/05/2020
639,Leopold,Yanuk,7/18/2013,Male,20/05/2020
640,Trisha,Fetter,6/15/2014,Female,20/05/2020
641,Mindy,Houson,02/02/2014,Female,20/05/2020
642,Nikolas,Pomery,06/09/2014,Male,20/05/2020
643,Cinnamon,Musselwhite,4/18/2013,Female,20/05/2020
644,Ashien,Hayller,04/12/2013,Female,20/05/2020
645,Bailie,Bulter,4/24/2013,Male,20/05/2020
646,Woody,Roddam,12/26/2013,Male,20/05/2020
647,Goldy,Lidgard,7/30/2013,Female,20/05/2020
648,Cord,Hammel,3/21/2013,Male,20/05/2020
649,Cozmo,Rotherforth,8/27/2014,Male,20/05/2020
650,Kerrill,Thomazin,08/08/2014,Female,20/05/2020
651,Edee,Shepherdson,4/17/2014,Female,20/05/2020
652,Constantine,Danson,10/11/2014,Female,20/05/2020
653,Hillery,Mellmoth,12/03/2014,Male,20/05/2020
654,Kip,Lilloe,11/09/2014,Male,20/05/2020
655,Elsy,Mc Carroll,11/11/2013,Female,20/05/2020
656,Lesley,Skillman,2/18/2013,Female,20/05/2020
657,Cy,Debnam,01/02/2014,Male,20/05/2020
658,Fredek,Djokovic,1/17/2014,Male,20/05/2020
659,Chalmers,Lindwall,02/01/2013,Male,20/05/2020
660,Patin,Pughe,3/26/2014,Male,20/05/2020
661,Tobin,Piotrowski,07/10/2014,Male,20/05/2020
662,Patty,Reddel,10/08/2014,Male,20/05/2020
663,Alessandra,Ferie,9/18/2013,Female,20/05/2020
664,Marcelle,Teek,1/14/2014,Female,20/05/2020
665,Sayres,Berggren,05/02/2013,Male,20/05/2020
666,Jarrad,Blazek,3/27/2014,Male,20/05/2020
667,Giselbert,Dumingo,12/23/2014,Male,20/05/2020
668,Nellie,Simmon,7/18/2014,Female,20/05/2020
669,Lauritz,Pasfield,9/29/2013,Male,20/05/2020
670,Gunner,Furley,1/20/2014,Male,20/05/2020
671,Alfie,Duerden,01/01/2014,Male,20/05/2020
672,Gabriella,Dallander,8/18/2014,Female,20/05/2020
673,Enrique,Worland,12/25/2013,Male,20/05/2020
674,Brina,Murrthum,4/20/2014,Female,20/05/2020
675,Mathias,Griswood,04/02/2013,Male,20/05/2020
676,Esta,Tallowin,04/03/2014,Female,20/05/2020
677,Bliss,MacVay,5/19/2014,Female,20/05/2020
678,Fin,Pratley,8/17/2013,Male,20/05/2020
679,Isa,Campos,5/31/2013,Male,20/05/2020
680,Coral,Bulfield,01/04/2013,Female,20/05/2020
681,Clemente,Ackroyd,2/27/2013,Male,20/05/2020
682,Shurlocke,Lattimore,09/06/2014,Male,20/05/2020
683,Ramsey,Silley,6/28/2013,Male,20/05/2020
684,Dannie,Adds,6/22/2014,Male,20/05/2020
685,Halli,Girkin,10/08/2013,Female,20/05/2020
686,Onfre,Drejer,10/05/2014,Male,20/05/2020
687,Orland,Schimann,2/18/2014,Male,20/05/2020
688,Isador,Grigor,09/05/2014,Male,20/05/2020
689,Maribeth,Titcombe,5/30/2013,Female,20/05/2020
690,Torrance,Swaby,02/02/2013,Male,20/05/2020
691,Colline,Diddams,5/19/2013,Female,20/05/2020
692,Iorgos,Stroton,7/17/2014,Male,20/05/2020
693,Zaria,Baford,1/19/2013,Female,20/05/2020
694,Enoch,Wantling,7/23/2014,Male,20/05/2020
695,Nealon,Danilenko,07/04/2014,Male,20/05/2020
696,Celina,McGorley,11/21/2014,Female,20/05/2020
697,Faina,Lightewood,1/16/2014,Female,20/05/2020
698,Alexei,Hansom,7/16/2013,Male,20/05/2020
699,Daniele,Trump,3/27/2013,Female,20/05/2020
700,Merell,Heinsen,10/11/2014,Male,20/05/2020
701,Halie,Scurrer,10/05/2013,Female,20/05/2020
702,Zollie,Blazi,05/01/2013,Male,20/05/2020
703,Cullin,Northen,10/31/2013,Male,20/05/2020
704,Marci,Hudd,02/04/2014,Female,20/05/2020
705,Belinda,McKellar,11/12/2013,Female,20/05/2020
706,Casandra,Walding,7/29/2014,Female,20/05/2020
707,Arv,McGeachie,1/18/2013,Male,20/05/2020
708,Yolane,Brannan,12/25/2014,Female,20/05/2020
709,Alejandro,Dutton,7/24/2014,Male,20/05/2020
710,Blane,Iacomini,03/09/2014,Male,20/05/2020
711,Blinni,Brunelleschi,05/06/2014,Female,20/05/2020
712,Chase,Binney,6/18/2014,Male,20/05/2020
713,Tansy,Regelous,11/08/2014,Female,20/05/2020
714,Aeriel,Spare,02/12/2014,Female,20/05/2020
715,Flor,Lounds,06/12/2013,Female,20/05/2020
716,Emery,Gutowska,7/22/2013,Male,20/05/2020
717,Allyn,Allcroft,04/07/2014,Female,20/05/2020
718,Ardith,Linley,09/09/2013,Female,20/05/2020
719,Clarey,Hullins,01/07/2013,Female,20/05/2020
720,Janette,Ianniello,8/19/2013,Female,20/05/2020
721,Merrill,Yushachkov,5/28/2014,Male,20/05/2020
722,Emlyn,Neeson,2/27/2014,Male,20/05/2020
723,Laure,Handsheart,10/01/2013,Female,20/05/2020
724,Welsh,Gadsden,06/05/2013,Male,20/05/2020
725,Phillipe,Storm,5/30/2013,Male,20/05/2020
726,Gray,Armall,01/11/2013,Female,20/05/2020
727,Guthry,Brood,12/19/2013,Male,20/05/2020
728,Stanford,Dewane,10/05/2014,Male,20/05/2020
729,Benedetta,Jaksic,09/10/2013,Female,20/05/2020
730,Estelle,Stewart,7/28/2013,Female,20/05/2020
731,Rodger,Trevains,8/28/2014,Male,20/05/2020
732,Hettie,Spacy,8/24/2013,Female,20/05/2020
733,Anthea,Crossingham,02/11/2014,Female,20/05/2020
734,Timmi,Lancetter,6/29/2014,Female,20/05/2020
735,Emmalynn,Spieck,10/03/2013,Female,20/05/2020
736,Cymbre,Yegorshin,9/27/2013,Female,20/05/2020
737,Cosmo,Berthouloume,2/13/2013,Male,20/05/2020
738,Wells,Hintzer,3/18/2014,Male,20/05/2020
739,Hilliard,Retallack,06/07/2014,Male,20/05/2020
740,Patty,Whellams,3/23/2014,Male,20/05/2020
741,Evvy,Grainge,09/12/2013,Female,20/05/2020
742,Margaretha,Spinke,6/29/2013,Female,20/05/2020
743,Lusa,Mapledoram,01/12/2014,Female,20/05/2020
744,Reina,Gallamore,1/13/2014,Female,20/05/2020
745,Sharity,Bachmann,07/03/2013,Female,20/05/2020
746,Tulley,Finan,11/17/2014,Male,20/05/2020
747,Isiahi,Berndtssen,5/31/2014,Male,20/05/2020
748,Beltran,Patterfield,05/04/2014,Male,20/05/2020
749,Bernie,Sharpin,12/07/2013,Female,20/05/2020
750,Tanny,Perulli,01/10/2014,Male,20/05/2020
751,Cirstoforo,McCritchie,04/07/2014,Male,20/05/2020
752,Walsh,Owers,11/23/2014,Male,20/05/2020
753,Mayor,Sellner,11/02/2014,Male,20/05/2020
754,Ainsley,Robard,02/01/2014,Female,20/05/2020
755,Durward,Golightly,07/06/2014,Male,20/05/2020
756,Murial,Gwilt,8/13/2013,Female,20/05/2020
757,Ruthy,Quoit,7/16/2014,Female,20/05/2020
758,Rik,Gadie,4/22/2014,Male,20/05/2020
759,Patton,Jestico,12/26/2013,Male,20/05/2020
760,Arlyne,Sparshett,12/19/2013,Female,20/05/2020
761,Adoree,Deluca,12/18/2013,Female,20/05/2020
762,Jeanna,Cheale,9/28/2013,Female,20/05/2020
763,La verne,Greswell,06/08/2013,Female,20/05/2020
764,Patricia,Gostling,1/22/2014,Female,20/05/2020
765,Merell,Massen,1/13/2014,Male,20/05/2020
766,Mordecai,Harkess,1/31/2013,Male,20/05/2020
767,Alex,De Goey,11/23/2014,Male,20/05/2020
768,Ave,Fowle,02/08/2013,Male,20/05/2020
769,Codi,Bingham,06/05/2014,Male,20/05/2020
770,Darcie,Bellany,12/19/2014,Female,20/05/2020
771,Violetta,Basnett,08/11/2014,Female,20/05/2020
772,Delano,Findley,11/01/2014,Male,20/05/2020
773,Rozina,Wiffen,11/17/2014,Female,20/05/2020
774,Torey,Haet,01/05/2014,Male,20/05/2020
775,Tabby,Vaux,07/08/2014,Male,20/05/2020
776,Ilyse,Wiggin,05/01/2014,Female,20/05/2020
777,Davon,Brownhill,08/09/2014,Male,20/05/2020
778,Salomi,Talman,7/26/2014,Female,20/05/2020
779,Jean,Iashvili,05/10/2014,Male,20/05/2020
780,Lilith,Petrushkevich,02/07/2013,Female,20/05/2020
781,Tamara,Wodham,07/12/2014,Female,20/05/2020
782,Brigg,Filan,07/10/2013,Male,20/05/2020
783,Jose,Keitley,8/28/2014,Male,20/05/2020
784,Lari,Hubbold,11/03/2014,Female,20/05/2020
785,Cesare,Dunniom,12/31/2013,Male,20/05/2020
786,Maurene,Hurdwell,10/25/2014,Female,20/05/2020
787,Templeton,Cuerda,2/21/2013,Male,20/05/2020
788,Didi,Scahill,4/25/2014,Female,20/05/2020
789,Seamus,Beavis,03/04/2014,Male,20/05/2020
790,Max,Fanshawe,3/30/2013,Male,20/05/2020
791,Tabby,MacColgan,02/03/2013,Male,20/05/2020
792,Bret,Cogan,10/12/2014,Male,20/05/2020
793,Ardyth,Hartwell,7/16/2014,Female,20/05/2020
794,Merell,Pales,10/12/2013,Male,20/05/2020
795,Prentice,Graveston,7/17/2014,Male,20/05/2020
796,Ibrahim,Andrzejczak,10/21/2014,Male,20/05/2020
797,Frankie,Calleja,10/06/2014,Female,20/05/2020
798,Berri,Stendall,08/11/2013,Female,20/05/2020
799,Aldwin,Jakolevitch,11/22/2014,Male,20/05/2020
800,Tanny,Habgood,8/29/2013,Male,20/05/2020
801,Iolande,Armer,05/08/2014,Female,20/05/2020
802,Malinde,Durn,4/23/2013,Female,20/05/2020
803,Ange,Ladyman,10/31/2013,Male,20/05/2020
804,Albrecht,Frentz,11/08/2014,Male,20/05/2020
805,Porter,Salter,3/31/2014,Male,20/05/2020
806,Wrennie,Hardin,04/12/2014,Female,20/05/2020
807,Salomo,Bessant,1/14/2014,Male,20/05/2020
808,Debra,Rosindill,8/30/2014,Female,20/05/2020
809,Kalinda,Wilshere,01/01/2014,Female,20/05/2020
810,Berenice,Fairbrother,03/09/2014,Female,20/05/2020
811,Paloma,Ahmad,2/21/2013,Female,20/05/2020
812,Philis,Gallahar,04/01/2013,Female,20/05/2020
813,Leupold,Stanmer,12/23/2014,Male,20/05/2020
814,Der,Overal,6/21/2014,Male,20/05/2020
815,Linell,Le Batteur,10/02/2013,Female,20/05/2020
816,Rafaello,Farley,02/12/2013,Male,20/05/2020
817,Ebenezer,Veneur,06/01/2013,Male,20/05/2020
818,Iosep,Tregidga,04/01/2014,Male,20/05/2020
819,Gibby,Delbergue,02/09/2013,Male,20/05/2020
820,Sherline,Antonoyev,04/11/2014,Female,20/05/2020
821,Amy,Minear,3/14/2013,Female,20/05/2020
822,Pauli,Brunesco,06/01/2013,Female,20/05/2020
823,Honor,Gouldeby,2/28/2013,Female,20/05/2020
824,Doria,Potbury,06/08/2013,Female,20/05/2020
825,Jules,Sexstone,8/17/2014,Male,20/05/2020
826,Lilias,Greenough,6/25/2013,Female,20/05/2020
827,Gail,Forrestall,4/16/2014,Female,20/05/2020
828,Broddie,Dundredge,07/01/2014,Male,20/05/2020
829,Ichabod,Bigland,12/15/2013,Male,20/05/2020
830,Caleb,Preator,10/25/2014,Male,20/05/2020
831,Emery,De Mattei,2/27/2014,Male,20/05/2020
832,Alyson,Roberti,04/10/2014,Female,20/05/2020
833,Burk,Giraldon,09/01/2013,Male,20/05/2020
834,Livia,Bagnall,12/24/2014,Female,20/05/2020
835,Fancie,Bryns,12/25/2013,Female,20/05/2020
836,Rafe,Vasnev,12/03/2014,Male,20/05/2020
837,Leontyne,Gatheral,9/27/2013,Female,20/05/2020
838,Helenka,Taffee,08/12/2014,Female,20/05/2020
839,Eustace,Fruchter,5/20/2013,Male,20/05/2020
840,Logan,Pashba,10/04/2013,Male,20/05/2020
841,Andee,Ruter,12/22/2014,Female,20/05/2020
842,Dorey,Elwyn,05/09/2013,Female,20/05/2020
843,Tully,Barkess,11/20/2014,Male,20/05/2020
844,Viole,Casacchia,5/24/2014,Female,20/05/2020
845,Lucina,Minard,3/27/2014,Female,20/05/2020
846,Jennica,Scyone,01/12/2014,Female,20/05/2020
847,Bibbie,Moran,11/02/2014,Female,20/05/2020
848,Rea,Rubinow,07/03/2013,Female,20/05/2020
849,Fawn,Riddett,10/28/2013,Female,20/05/2020
850,Ferdie,Vlasenkov,01/12/2013,Male,20/05/2020
851,Ara,Arnall,7/29/2014,Male,20/05/2020
852,Kippar,Hebblewhite,08/12/2013,Male,20/05/2020
853,Anestassia,Ledbetter,5/22/2013,Female,20/05/2020
854,Fancie,Haney,01/01/2014,Female,20/05/2020
855,Dewitt,Hake,06/03/2013,Male,20/05/2020
856,Trixy,Kennett,3/17/2014,Female,20/05/2020
857,Bartlet,Rayburn,10/12/2014,Male,20/05/2020
858,Marcelle,Fumagall,09/10/2014,Female,20/05/2020
859,Nial,Candlin,9/28/2014,Male,20/05/2020
860,Verla,Grose,1/27/2013,Female,20/05/2020
861,Thebault,Petkov,4/21/2014,Male,20/05/2020
862,Juline,Foakes,7/27/2013,Female,20/05/2020
863,Michele,Packwood,04/09/2014,Female,20/05/2020
864,Gaylord,Vivien,4/19/2014,Male,20/05/2020
865,Jermain,Amoore,9/23/2014,Male,20/05/2020
866,Donnell,Inkle,11/25/2014,Male,20/05/2020
867,Martie,Ucceli,9/22/2014,Male,20/05/2020
868,Kim,Hurdedge,11/15/2013,Male,20/05/2020
869,Erik,Camelin,5/23/2013,Male,20/05/2020
870,Constantin,Smees,10/22/2014,Male,20/05/2020
871,Skipper,O'Hickey,9/29/2013,Male,20/05/2020
872,Mitchael,Kretchmer,11/20/2014,Male,20/05/2020
873,Friedrick,Targetter,5/28/2013,Male,20/05/2020
874,Marlo,Hanmer,01/11/2014,Female,20/05/2020
875,Nicolai,Ezzy,09/08/2013,Male,20/05/2020
876,Mikol,Feehily,11/13/2013,Male,20/05/2020
877,Noll,Timby,3/18/2013,Male,20/05/2020
878,Mayer,Fitzpatrick,04/10/2013,Male,20/05/2020
879,Dalton,Serrell,2/13/2013,Male,20/05/2020
880,Lucian,Ferie,5/24/2014,Male,20/05/2020
881,Chrysler,Bernaldez,8/21/2013,Female,20/05/2020
882,Anetta,Lerway,11/06/2013,Female,20/05/2020
883,Andreas,Kirk,4/23/2013,Male,20/05/2020
884,Rufe,Godleman,12/29/2013,Male,20/05/2020
885,Lucia,Nials,6/14/2014,Female,20/05/2020
886,Mallissa,Kane,10/08/2014,Female,20/05/2020
887,Issiah,Simon,4/15/2013,Male,20/05/2020
888,Dalton,Kaser,8/29/2013,Male,20/05/2020
889,Jaquelyn,Andrews,6/30/2014,Female,20/05/2020
890,Kerwin,Crocombe,8/25/2014,Male,20/05/2020
891,Ripley,Jirsa,7/14/2013,Male,20/05/2020
892,Carmine,Elsdon,09/06/2014,Male,20/05/2020
893,Noel,Grimsdale,7/30/2013,Female,20/05/2020
894,Berke,Ville,12/02/2014,Male,20/05/2020
895,Jourdain,Rotte,6/21/2013,Male,20/05/2020
896,Natalee,Mayman,10/21/2014,Female,20/05/2020
897,Agneta,Burnside,11/10/2013,Female,20/05/2020
898,Jazmin,Baden,6/19/2014,Female,20/05/2020
899,Carce,Sauvan,06/07/2014,Male,20/05/2020
900,Gil,Theunissen,3/13/2013,Male,20/05/2020
901,Melinde,Cawdron,1/25/2013,Female,20/05/2020
902,Tiphany,Moorwood,10/16/2013,Female,20/05/2020
903,Dottie,Borrows,08/01/2013,Female,20/05/2020
904,Durante,Swiffen,05/10/2014,Male,20/05/2020
905,Morty,Duddy,6/25/2013,Male,20/05/2020
906,Nicholas,Lockett,7/17/2014,Male,20/05/2020
907,Abel,Guarin,11/23/2013,Male,20/05/2020
908,Willi,Catling,3/15/2013,Female,20/05/2020
909,Tabor,Cheson,1/23/2014,Male,20/05/2020
910,Tanitansy,Estable,4/15/2013,Female,20/05/2020
911,Bevan,Sturt,3/17/2013,Male,20/05/2020
912,Adolf,Tuxill,04/01/2014,Male,20/05/2020
913,Humfrey,Enion,07/12/2014,Male,20/05/2020
914,Zorine,Janczewski,03/06/2014,Female,20/05/2020
915,Erna,Melsom,2/14/2013,Female,20/05/2020
916,Vita,Hazlewood,05/05/2013,Female,20/05/2020
917,Wilma,Kirsche,06/06/2014,Female,20/05/2020
918,Ebony,Dormand,1/24/2013,Female,20/05/2020
919,Shaylah,Panting,10/19/2013,Female,20/05/2020
920,Gian,Cholmondeley,04/01/2014,Male,20/05/2020
921,Laurence,Ygo,4/16/2014,Male,20/05/2020
922,Laverne,Hyslop,06/12/2014,Female,20/05/2020
923,Elyssa,Giacoppoli,7/16/2014,Female,20/05/2020
924,Leonie,Trenholme,6/22/2014,Female,20/05/2020
925,Brittni,McElwee,4/22/2014,Female,20/05/2020
926,Perry,Wallworth,8/21/2014,Female,20/05/2020
927,Reagan,McCosker,5/21/2013,Male,20/05/2020
928,Hyacinth,Mufford,8/14/2013,Female,20/05/2020
929,Kristoforo,Piletic,3/19/2013,Male,20/05/2020
930,Salomone,Siney,11/16/2013,Male,20/05/2020
931,Darrell,Lory,01/11/2013,Male,20/05/2020
932,Farrand,Whenham,06/03/2014,Female,20/05/2020
933,Viv,Pisculli,11/07/2013,Female,20/05/2020
934,Yehudi,Mathevet,12/20/2013,Male,20/05/2020
935,Herold,Woodwin,3/16/2013,Male,20/05/2020
936,Gaultiero,Hillett,3/16/2013,Male,20/05/2020
937,Federica,Tummasutti,08/01/2014,Female,20/05/2020
938,Ryan,Sneddon,8/18/2014,Male,20/05/2020
939,Alonzo,Waddilove,09/01/2013,Male,20/05/2020
940,Gene,Hopfner,11/21/2014,Male,20/05/2020
941,Griswold,Maffulli,9/26/2013,Male,20/05/2020
942,Emery,Tetla,4/13/2014,Male,20/05/2020
943,Perry,Van Der Vlies,5/24/2014,Male,20/05/2020
944,Victoir,Mundle,04/09/2014,Male,20/05/2020
945,Wernher,Matyas,11/09/2014,Male,20/05/2020
946,Ulric,Clinning,07/07/2014,Male,20/05/2020
947,Stern,Taffurelli,01/10/2013,Male,20/05/2020
948,Irina,Gare,10/13/2013,Female,20/05/2020
949,Lucho,Perroni,06/01/2014,Male,20/05/2020
950,Darla,Pampling,12/27/2013,Female,20/05/2020
951,Joby,Clother,6/19/2014,Female,20/05/2020
952,Anni,Riach,03/12/2013,Female,20/05/2020
953,Corinne,Creigan,11/04/2013,Female,20/05/2020
954,Swen,Baldock,07/10/2014,Male,20/05/2020
955,Tadd,Olkowicz,6/18/2014,Male,20/05/2020
956,Clare,MacCleay,04/03/2013,Female,20/05/2020
957,Nicko,Lapworth,04/03/2014,Male,20/05/2020
958,Donn,Eltone,04/05/2014,Male,20/05/2020
959,Francklyn,Nardrup,2/27/2013,Male,20/05/2020
960,Ash,Sketh,12/27/2013,Male,20/05/2020
961,Ellissa,Conibere,05/11/2014,Female,20/05/2020
962,Hilary,Lukasik,5/19/2014,Male,20/05/2020
963,Else,Peggram,9/20/2014,Female,20/05/2020
964,Amalea,Streak,5/27/2014,Female,20/05/2020
965,Marcille,Walasik,01/12/2014,Female,20/05/2020
966,Boy,Merdew,01/11/2013,Male,20/05/2020
967,Issiah,Howgill,1/24/2014,Male,20/05/2020
968,Lona,Thon,10/10/2014,Female,20/05/2020
969,Tanhya,Flecknell,01/11/2014,Female,20/05/2020
970,Arel,Wishart,02/07/2014,Male,20/05/2020
971,Veriee,Ledur,9/22/2014,Female,20/05/2020
972,Klaus,Rohmer,9/22/2013,Male,20/05/2020
973,Aubert,Dabinett,11/23/2014,Male,20/05/2020
974,Corina,Boosey,5/28/2013,Female,20/05/2020
975,Louisa,Morefield,9/23/2014,Female,20/05/2020
976,Anastasia,Trazzi,7/13/2013,Female,20/05/2020
977,Park,Impett,06/09/2014,Male,20/05/2020
978,Reginauld,Andresen,5/30/2014,Male,20/05/2020
979,Dory,Farney,05/04/2014,Male,20/05/2020
980,Georgena,Werrit,3/22/2013,Female,20/05/2020
981,Valaree,Lippard,04/08/2013,Female,20/05/2020
982,Tiena,Frentz,2/28/2014,Female,20/05/2020
983,Daren,Palk,07/05/2014,Male,20/05/2020
984,Burton,Abramow,10/07/2014,Male,20/05/2020
985,Court,Brolan,5/28/2013,Male,20/05/2020
986,Mufi,Tulip,3/18/2013,Female,20/05/2020
987,Maria,Chater,2/14/2014,Female,20/05/2020
988,Rikki,Sultan,9/23/2014,Male,20/05/2020
989,Marcie,Berggren,09/03/2014,Female,20/05/2020
990,Lib,Nisius,6/20/2014,Female,20/05/2020
991,Katusha,McGennis,10/25/2013,Female,20/05/2020
992,Cosimo,Lusher,10/26/2013,Male,20/05/2020
993,Pasquale,Gallaher,8/13/2014,Male,20/05/2020
994,Shep,Jados,12/27/2013,Male,20/05/2020
995,Noel,McKague,12/09/2014,Male,20/05/2020
996,Aubrey,Sreenan,12/21/2013,Male,20/05/2020
997,Krishnah,Meenan,06/11/2013,Male,20/05/2020
998,Esma,Storrie,4/18/2014,Female,20/05/2020
999,Angeline,Degnen,06/10/2014,Female,20/05/2020
1000,Bridgette,Lucas,05/06/2014,Female,20/05/2020
